{
    "elapsed": [
        76469000000
    ],
    "precision": 0.09320695102685624,
    "recall": 0.07627666451195864
}