{
    "elapsed": [
        2954000000
    ],
    "precision": 0.8571428571428571,
    "recall": 0.0967741935483871
}