{
    "elapsed": [
        10062000000
    ],
    "precision": 0.3333333333333333,
    "recall": 0.04838709677419355
}