{
    "elapsed": [
        8640000000
    ],
    "precision": 0.12462006079027356,
    "recall": 0.053005817711700064
}