{
    "elapsed": [
        81047000000
    ],
    "precision": 0.1123404255319149,
    "recall": 0.08532643826761474
}