{
    "elapsed": [
        315266000000
    ],
    "precision": 0.03291581706961841,
    "recall": 0.012212255484707663
}