{
    "elapsed": [
        77312000000
    ],
    "precision": 0.05335628227194492,
    "recall": 0.0200387847446671
}