{
    "elapsed": [
        9578000000
    ],
    "precision": 0.03067484662576687,
    "recall": 0.006464124111182934
}