{
    "elapsed": [
        1516000000
    ],
    "precision": 0.0058823529411764705,
    "recall": 0.14285714285714285
}