{
    "elapsed": [
        1375000000
    ],
    "precision": 0.043795620437956206,
    "recall": 0.8571428571428571
}