{
    "elapsed": [
        77594000000
    ],
    "precision": 0.10571923743500866,
    "recall": 0.1182934712346477
}