{
    "elapsed": [
        6063000000
    ],
    "precision": 0.1864406779661017,
    "recall": 0.2682926829268293
}