{
    "elapsed": [
        3219000000
    ],
    "precision": 0.08904109589041095,
    "recall": 0.05555555555555555
}