{
    "elapsed": [
        18782000000
    ],
    "precision": 0.06608695652173913,
    "recall": 0.0811965811965812
}