{
    "elapsed": [
        1093000000
    ],
    "precision": 0.05263157894736842,
    "recall": 0.2857142857142857
}