{
    "elapsed": [
        1063000000
    ],
    "precision": 0.21428571428571427,
    "recall": 0.8571428571428571
}