{
    "elapsed": [
        26891000000
    ],
    "precision": 0.13408723747980614,
    "recall": 0.4585635359116022
}