{
    "elapsed": [
        12454000000
    ],
    "precision": 0.12605042016806722,
    "recall": 0.3314917127071823
}