{
    "elapsed": [
        672000000
    ],
    "precision": 0.5254237288135594,
    "recall": 0.40789473684210525
}