{
    "elapsed": [
        344000000
    ],
    "precision": 0.30612244897959184,
    "recall": 0.19736842105263158
}