{
    "elapsed": [
        42297000000
    ],
    "precision": 0.024390243902439025,
    "recall": 0.003626943005181347
}