{
    "elapsed": [
        10579000000
    ],
    "precision": 0.03184713375796178,
    "recall": 0.0025906735751295338
}