{
    "elapsed": [
        1109000000
    ],
    "precision": 0.3902439024390244,
    "recall": 0.6956521739130435
}