{
    "elapsed": [
        1125000000
    ],
    "precision": 0.28169014084507044,
    "recall": 0.43478260869565216
}