{
    "elapsed": [
        4922000000
    ],
    "precision": 0.012396694214876033,
    "recall": 0.11538461538461539
}