{
    "elapsed": [
        1578000000
    ],
    "precision": 0.009708737864077669,
    "recall": 0.07692307692307693
}