{
    "elapsed": [
        3516000000
    ],
    "precision": 0.2916666666666667,
    "recall": 0.5384615384615384
}