{
    "elapsed": [
        32593000000
    ],
    "precision": 0.04065040650406504,
    "recall": 0.0025906735751295338
}