{
    "elapsed": [
        7813000000
    ],
    "precision": 0.07462686567164178,
    "recall": 0.0025906735751295338
}