{
    "elapsed": [
        888907000000
    ],
    "precision": 0.007502854346762356,
    "recall": 0.2541436464088398
}