{
    "elapsed": [
        375297000000
    ],
    "precision": 0.0006785795068988917,
    "recall": 0.03314917127071823
}