{
    "elapsed": [
        2656000000
    ],
    "precision": 0.04918032786885246,
    "recall": 0.42857142857142855
}