{
    "elapsed": [
        3344000000
    ],
    "precision": 0.8571428571428571,
    "recall": 0.8571428571428571
}