{
    "elapsed": [
        328093000000
    ],
    "precision": 0.031560490940970194,
    "recall": 0.011671890197773696
}