{
    "elapsed": [
        54765000000
    ],
    "precision": 0.045477772100153295,
    "recall": 0.009618502107424619
}