{
    "elapsed": [
        119110000000
    ],
    "precision": 0.008816120906801008,
    "recall": 0.0007565114017075543
}