{
    "elapsed": [
        465641000000
    ],
    "precision": 0.05984832957573273,
    "recall": 0.031557332756943696
}