{
    "elapsed": [
        25453000000
    ],
    "precision": 0.12222222222222222,
    "recall": 0.7333333333333333
}