{
    "elapsed": [
        25453000000
    ],
    "precision": 0.022222222222222223,
    "recall": 0.13333333333333333
}