{
    "elapsed": [
        75078000000
    ],
    "precision": 0.04450867052023121,
    "recall": 0.049773755656108594
}