{
    "elapsed": [
        10563000000
    ],
    "precision": 0.009202453987730062,
    "recall": 0.42857142857142855
}