{
    "elapsed": [
        18140000000
    ],
    "precision": 0.001288659793814433,
    "recall": 0.14285714285714285
}