{
    "elapsed": [
        4188000000
    ],
    "precision": 0.021897810218978103,
    "recall": 0.11538461538461539
}