{
    "elapsed": [
        56704000000
    ],
    "precision": 0.35071090047393366,
    "recall": 0.8043478260869565
}