{
    "elapsed": [
        11203000000
    ],
    "precision": 0.025477707006369428,
    "recall": 0.19047619047619047
}