{
    "elapsed": [
        6437000000
    ],
    "precision": 0.0213903743315508,
    "recall": 0.19047619047619047
}