{
    "elapsed": [
        625000000
    ],
    "precision": 0.4745762711864407,
    "recall": 0.3684210526315789
}