{
    "elapsed": [
        46922000000
    ],
    "precision": 0.08925476603119584,
    "recall": 0.01877848678213309
}