{
    "elapsed": [
        441531000000
    ],
    "precision": 0.06270447110141766,
    "recall": 0.020966271649954422
}