{
    "elapsed": [
        343000000
    ],
    "precision": 0.9736842105263158,
    "recall": 0.4868421052631579
}