{
    "elapsed": [
        424438000000
    ],
    "precision": 0.07800891530460624,
    "recall": 0.03828623518687329
}