{
    "elapsed": [
        7641000000
    ],
    "precision": 0.18871837411862297,
    "recall": 0.904572564612326
}