{
    "elapsed": [
        1328000000
    ],
    "precision": 0.15942028985507245,
    "recall": 0.27848101265822783
}