{
    "elapsed": [
        594000000
    ],
    "precision": 0.2558139534883721,
    "recall": 0.4177215189873418
}