{
    "elapsed": [
        26954000000
    ],
    "precision": 0.020480854853072127,
    "recall": 0.1270718232044199
}