{
    "elapsed": [
        75515000000
    ],
    "precision": 0.03474706182933061,
    "recall": 0.3756906077348066
}