{
    "elapsed": [
        11703000000
    ],
    "precision": 0.013377926421404682,
    "recall": 0.19047619047619047
}