{
    "elapsed": [
        24812000000
    ],
    "precision": 0.004140786749482402,
    "recall": 0.09523809523809523
}