{
    "elapsed": [
        4360000000
    ],
    "precision": 0.7058823529411765,
    "recall": 0.07017543859649122
}