{
    "elapsed": [
        15562000000
    ],
    "precision": 0.6521739130434783,
    "recall": 0.08771929824561403
}