{
    "elapsed": [
        4031000000
    ],
    "precision": 0.4411764705882353,
    "recall": 0.36585365853658536
}