{
    "elapsed": [
        2468000000
    ],
    "precision": 0.03504043126684636,
    "recall": 0.8666666666666667
}