{
    "elapsed": [
        3459969000000
    ],
    "precision": 0.007709497206703911,
    "recall": 0.0011907021691487342
}