{
    "elapsed": [
        3296000000
    ],
    "precision": 0.2926829268292683,
    "recall": 0.46153846153846156
}