{
    "elapsed": [
        1016000000
    ],
    "precision": 0.32142857142857145,
    "recall": 0.34615384615384615
}