{
    "elapsed": [
        1765000000
    ],
    "precision": 0.1320754716981132,
    "recall": 0.9333333333333333
}