{
    "elapsed": [
        5172000000
    ],
    "precision": 0.2727272727272727,
    "recall": 0.010084033613445379
}