{
    "elapsed": [
        20953000000
    ],
    "precision": 0.17647058823529413,
    "recall": 0.010084033613445379
}