{
    "elapsed": [
        105609000000
    ],
    "precision": 0.12322274881516587,
    "recall": 0.06735751295336788
}