{
    "elapsed": [
        21359000000
    ],
    "precision": 0.17124394184168013,
    "recall": 0.054922279792746116
}