{
    "elapsed": [
        357813000000
    ],
    "precision": 0.022328999434708875,
    "recall": 0.008537771533556685
}