{
    "elapsed": [
        6063000000
    ],
    "precision": 0.22580645161290322,
    "recall": 0.3333333333333333
}