{
    "elapsed": [
        4047000000
    ],
    "precision": 0.023255813953488372,
    "recall": 0.14285714285714285
}