{
    "elapsed": [
        43094000000
    ],
    "precision": 0.02830188679245283,
    "recall": 0.00466321243523316
}