{
    "elapsed": [
        101516000000
    ],
    "precision": 0.008705114254624592,
    "recall": 0.0008645844590943478
}