{
    "elapsed": [
        53296000000
    ],
    "precision": 0.01020408163265306,
    "recall": 0.0015544041450777201
}