{
    "elapsed": [
        5750000000
    ],
    "precision": 0.2903225806451613,
    "recall": 0.02054794520547945
}