{
    "elapsed": [
        22500000000
    ],
    "precision": 0.1956521739130435,
    "recall": 0.02054794520547945
}