{
    "elapsed": [
        38984000000
    ],
    "precision": 0.008450704225352112,
    "recall": 0.02112676056338028
}