{
    "elapsed": [
        24593000000
    ],
    "precision": 0.5444444444444444,
    "recall": 0.6447368421052632
}