{
    "elapsed": [
        76625000000
    ],
    "precision": 0.061461794019933555,
    "recall": 0.023917259211376857
}