{
    "elapsed": [
        5610000000
    ],
    "precision": 0.2727272727272727,
    "recall": 0.8571428571428571
}