{
    "elapsed": [
        3984000000
    ],
    "precision": 0.022900763358778626,
    "recall": 0.42857142857142855
}