{
    "elapsed": [
        13485000000
    ],
    "precision": 0.6818181818181818,
    "recall": 0.08771929824561403
}