{
    "elapsed": [
        99938000000
    ],
    "precision": 0.004733727810650888,
    "recall": 0.0004322922295471739
}