{
    "elapsed": [
        19687000000
    ],
    "precision": 0.008281573498964804,
    "recall": 0.0004322922295471739
}