{
    "elapsed": [
        25016000000
    ],
    "precision": 0.2127659574468085,
    "recall": 0.0228310502283105
}