{
    "elapsed": [
        563906000000
    ],
    "precision": 0.028613255256853872,
    "recall": 0.005513244608559633
}