{
    "elapsed": [
        11406000000
    ],
    "precision": 0.8333333333333334,
    "recall": 0.8333333333333334
}