{
    "elapsed": [
        22079000000
    ],
    "precision": 0.13333333333333333,
    "recall": 0.0182648401826484
}