{
    "elapsed": [
        31781000000
    ],
    "precision": 0.013071895424836602,
    "recall": 0.0010362694300518134
}