{
    "elapsed": [
        3297000000
    ],
    "precision": 0.010273972602739725,
    "recall": 0.42857142857142855
}