{
    "elapsed": [
        592657000000
    ],
    "precision": 0.010928070461588647,
    "recall": 0.001156189062796597
}