{
    "elapsed": [
        1729188000000
    ],
    "precision": 0.05429864253393665,
    "recall": 0.46153846153846156
}