{
    "elapsed": [
        11469000000
    ],
    "precision": 0.36097400460677853,
    "recall": 0.9336170212765957
}