{
    "elapsed": [
        4469000000
    ],
    "precision": 0.7058823529411765,
    "recall": 0.5714285714285714
}