{
    "elapsed": [
        3875000000
    ],
    "precision": 0.10227272727272728,
    "recall": 0.42857142857142855
}