{
    "elapsed": [
        20188000000
    ],
    "precision": 0.14285714285714285,
    "recall": 0.008403361344537815
}