{
    "elapsed": [
        21391000000
    ],
    "precision": 0.07581967213114754,
    "recall": 0.1581196581196581
}