{
    "elapsed": [
        9657000000
    ],
    "precision": 0.2048780487804878,
    "recall": 0.34806629834254144
}