{
    "elapsed": [
        2406000000
    ],
    "precision": 0.2695417789757412,
    "recall": 0.27624309392265195
}