{
    "elapsed": [
        491375000000
    ],
    "precision": 0.06968278731149245,
    "recall": 0.024430264357338194
}