{
    "elapsed": [
        641000000
    ],
    "precision": 0.4107142857142857,
    "recall": 0.3026315789473684
}