{
    "elapsed": [
        405484000000
    ],
    "precision": 0.05174825174825175,
    "recall": 0.02799092186317951
}