{
    "elapsed": [
        83422000000
    ],
    "precision": 0.32701421800947866,
    "recall": 0.8734177215189873
}