{
    "elapsed": [
        83422000000
    ],
    "precision": 0.04739336492890995,
    "recall": 0.12658227848101267
}