{
    "elapsed": [
        1328000000
    ],
    "precision": 0.5471698113207547,
    "recall": 0.35365853658536583
}