{
    "elapsed": [
        4219000000
    ],
    "precision": 0.5182481751824818,
    "recall": 0.4329268292682927
}