{
    "elapsed": [
        30453000000
    ],
    "precision": 0.03937007874015748,
    "recall": 0.0025906735751295338
}