{
    "elapsed": [
        12484000000
    ],
    "precision": 0.01090909090909091,
    "recall": 0.018292682926829267
}