{
    "elapsed": [
        24578000000
    ],
    "precision": 0.5379168570123344,
    "recall": 0.8315677966101694
}