{
    "elapsed": [
        111906000000
    ],
    "precision": 0.000395882818685669,
    "recall": 0.06666666666666667
}