{
    "elapsed": [
        5562000000
    ],
    "precision": 0.004201680672268907,
    "recall": 0.038461538461538464
}