{
    "elapsed": [
        1704000000
    ],
    "precision": 0.012048192771084338,
    "recall": 0.018292682926829267
}