{
    "elapsed": [
        7031000000
    ],
    "precision": 0.010638297872340425,
    "recall": 0.018292682926829267
}