{
    "elapsed": [
        3454000000
    ],
    "precision": 0.4782608695652174,
    "recall": 0.4024390243902439
}