{
    "elapsed": [
        1110000000
    ],
    "precision": 0.022556390977443608,
    "recall": 0.11538461538461539
}