{
    "elapsed": [
        4140000000
    ],
    "precision": 0.032467532467532464,
    "recall": 0.19230769230769232
}