{
    "elapsed": [
        13422000000
    ],
    "precision": 0.0007961783439490446,
    "recall": 0.06666666666666667
}