{
    "elapsed": [
        8859000000
    ],
    "precision": 0.015197568389057751,
    "recall": 0.6666666666666666
}