{
    "elapsed": [
        24672000000
    ],
    "precision": 0.029008679762448607,
    "recall": 0.6978021978021978
}