{
    "elapsed": [
        81219000000
    ],
    "precision": 0.09412861136999068,
    "recall": 0.05233160621761658
}