{
    "elapsed": [
        90547000000
    ],
    "precision": 0.09241877256317689,
    "recall": 0.02766670269101913
}