{
    "elapsed": [
        456500000000
    ],
    "precision": 0.06177924217462932,
    "recall": 0.03242191721603804
}