{
    "elapsed": [
        3016000000
    ],
    "precision": 0.03488372093023256,
    "recall": 0.42857142857142855
}