{
    "elapsed": [
        15109000000
    ],
    "precision": 0.45454545454545453,
    "recall": 0.05847953216374269
}