{
    "elapsed": [
        8203000000
    ],
    "precision": 0.18257956448911222,
    "recall": 0.3011049723756906
}