{
    "elapsed": [
        329000000
    ],
    "precision": 0.961038961038961,
    "recall": 0.9736842105263158
}