{
    "elapsed": [
        4190172000000
    ],
    "precision": 0.00017715419501133787,
    "recall": 0.027624309392265192
}