{
    "elapsed": [
        3324250000000
    ],
    "precision": 0.0034904013961605585,
    "recall": 0.1878453038674033
}