{
    "elapsed": [
        7265000000
    ],
    "precision": 0.010714285714285714,
    "recall": 0.018292682926829267
}