{
    "elapsed": [
        1172000000
    ],
    "precision": 0.3924050632911392,
    "recall": 0.6739130434782609
}