{
    "elapsed": [
        563000000
    ],
    "precision": 0.26356589147286824,
    "recall": 0.3695652173913043
}