{
    "elapsed": [
        18250000000
    ],
    "precision": 0.08710217755443886,
    "recall": 0.1111111111111111
}