{
    "elapsed": [
        2688000000
    ],
    "precision": 0.05935251798561151,
    "recall": 0.9850746268656716
}