{
    "elapsed": [
        3594000000
    ],
    "precision": 0.026845637583892617,
    "recall": 0.15384615384615385
}