{
    "elapsed": [
        86766000000
    ],
    "precision": 0.11069063386944182,
    "recall": 0.06062176165803109
}