{
    "elapsed": [
        1644390000000
    ],
    "precision": 0.03870967741935484,
    "recall": 0.23076923076923078
}