{
    "elapsed": [
        4563000000
    ],
    "precision": 0.19230769230769232,
    "recall": 0.27439024390243905
}