{
    "elapsed": [
        1359000000
    ],
    "precision": 0.27007299270072993,
    "recall": 0.22560975609756098
}