{
    "elapsed": [
        4703000000
    ],
    "precision": 0.14347826086956522,
    "recall": 0.20121951219512196
}