{
    "elapsed": [
        13672000000
    ],
    "precision": 0.26666666666666666,
    "recall": 0.023391812865497075
}