{
    "elapsed": [
        28484000000
    ],
    "precision": 0.07462686567164178,
    "recall": 0.7142857142857143
}