{
    "elapsed": [
        5234000000
    ],
    "precision": 0.017341040462427744,
    "recall": 0.42857142857142855
}