{
    "elapsed": [
        8875000000
    ],
    "precision": 0.1723122238586156,
    "recall": 0.32320441988950277
}